Species,Phonotypes,RMSE.A,Res.B
1,1,0,0
2,1,0.498366539,0.601566234
3,1,0.996739099,0.804243727
4,1,1.537637574,0.887176577
5,1,2.0937865,0.928522558
6,1,2.657169511,0.952181047
7,1,3.223998795,0.965949469
8,1,3.79428308,0.975182989
9,1,4.365125681,0.982083269
10,1,4.936874233,0.986483716
11,1,5.514702905,0.989138441
12,1,6.081608014,0.993781819
13,1,6.655877024,0.995933901
14,1,7.230688172,0.997239957
15,1,7.807016249,0.99936276
16,1,8.38633198,0.998687688
17,1,8.962709934,0.999536744
18,1,9.529598092,1.001668104
19,1,10.11061369,1.000758244
20,1,10.68566023,1.00200271
21,1,11.25933718,1.0029174
22,1,11.84528704,1.001512051
23,1,12.41039686,1.004038208
24,1,12.98868976,1.003234737
25,1,13.57076935,1.002862997
26,1,14.14846506,1.002995611
27,1,14.72331806,1.00319964
28,1,15.2871597,1.006138191
29,1,15.87260167,1.003626628
30,1,16.43808653,1.006327426
31,1,17.04074087,1.001955173
32,1,17.59202847,1.006248236
33,1,18.18424966,1.004381752
34,1,18.75901079,1.00447338
35,1,19.3423065,1.003508722
36,1,19.90121885,1.006021495
37,1,20.49524394,1.004538271
38,1,21.05426254,1.006068597
39,1,21.64073607,1.005168056
40,1,22.21852268,1.004717343
41,1,22.78526582,1.005826867
42,1,23.367372,1.005359472
43,1,23.93785444,1.005565479
44,1,24.55127103,1.002570655
45,1,25.08630156,1.006344993
46,1,25.67522709,1.005144129
47,1,26.25041459,1.005921509
48,1,26.81775109,1.006473272
49,1,27.42229698,1.003924737
50,1,27.98525189,1.005875998
2,2,0,0
3,2,0.525169816,0.361965732
4,2,0.988475266,0.526008342
5,2,1.495423907,0.6163431
6,2,2.023993061,0.675255039
7,2,2.565481085,0.716224191
8,2,3.113959937,0.746624537
9,2,3.666230154,0.771135214
10,2,4.231649144,0.787862341
11,2,4.791877777,0.803878243
12,2,5.358683581,0.815278942
13,2,5.923486867,0.828667271
14,2,6.485178849,0.839357675
15,2,7.06024263,0.844955029
16,2,7.626634957,0.854012484
17,2,8.190567429,0.861614142
18,2,8.761086925,0.867975745
19,2,9.33867468,0.872487175
20,2,9.909963593,0.876929236
21,2,10.49500738,0.878427173
22,2,11.05952371,0.885898069
23,2,11.63023875,0.887386056
24,2,12.20388365,0.892709057
25,2,12.77488314,0.897151445
26,2,13.35083945,0.900528355
27,2,13.92173111,0.902717926
28,2,14.48803944,0.905875507
29,2,15.06012046,0.909050305
30,2,15.65148634,0.909255855
31,2,16.22411466,0.911306834
32,2,16.78981731,0.915389908
33,2,17.37801354,0.916523976
34,2,17.93796594,0.919386181
35,2,18.51757305,0.921140669
36,2,19.11639117,0.920348061
37,2,19.65428082,0.92601476
38,2,20.2377754,0.927653901
39,2,20.81702439,0.927201766
40,2,21.41157951,0.925175569
41,2,21.95887095,0.932026826
42,2,22.54167515,0.931328377
43,2,23.12060732,0.932449522
44,2,23.70732116,0.932339015
45,2,24.27416871,0.936111079
46,2,24.86547122,0.934413084
47,2,25.41967854,0.937760158
48,2,26.00658209,0.937834335
49,2,26.5899695,0.937602812
50,2,27.14402688,0.941034951
3,3,0,0
4,3,0.538458214,0.247418944
5,3,0.996697907,0.382012315
6,3,1.486825998,0.468920804
7,3,2.005019046,0.525413911
8,3,2.532568465,0.570434101
9,3,3.07242381,0.603723585
10,3,3.620064461,0.630034257
11,3,4.162723024,0.654699551
12,3,4.723717783,0.672440943
13,3,5.273011636,0.690937101
14,3,5.840122152,0.702761094
15,3,6.394445367,0.718425152
16,3,6.960149061,0.726599537
17,3,7.517752786,0.740089742
18,3,8.079377158,0.750305803
19,3,8.647726713,0.757973704
20,3,9.209293657,0.767420023
21,3,9.783706204,0.772898743
22,3,10.35286667,0.778850949
23,3,10.92381504,0.7838235
24,3,11.49084219,0.789820645
25,3,12.06149451,0.795315021
26,3,12.65086334,0.797293084
27,3,13.2108787,0.804328192
28,3,13.76925952,0.810175253
29,3,14.34528137,0.813876811
30,3,14.91439701,0.817317818
31,3,15.48649353,0.822658541
32,3,16.05128065,0.82686447
33,3,16.64271908,0.826468089
34,3,17.20585411,0.832316117
35,3,17.78055592,0.834161683
36,3,18.3381128,0.838651028
37,3,18.92094303,0.840761673
38,3,19.49687455,0.842834913
39,3,20.07105016,0.846781302
40,3,20.64337947,0.849617823
41,3,21.23301582,0.849760926
42,3,21.78837498,0.854831009
43,3,22.37628301,0.853766679
44,3,22.93614268,0.858672902
45,3,23.52219172,0.856516134
46,3,24.07783958,0.86186582
47,3,24.66357094,0.863589738
48,3,25.22222306,0.865141224
49,3,25.805436,0.867498416
50,3,26.42510978,0.865042787
4,4,0,0
5,4,0.546501337,0.184918556
6,4,1.007595918,0.295168439
7,4,1.498207226,0.369784886
8,4,2.006617546,0.424633547
9,4,2.529566407,0.46682331
10,4,3.059018126,0.500937801
11,4,3.600317644,0.527018624
12,4,4.140252893,0.551769701
13,4,4.688948392,0.571647188
14,4,5.242700765,0.587860037
15,4,5.790013814,0.604986752
16,4,6.347401599,0.619778835
17,4,6.906345021,0.630390673
18,4,7.463353645,0.642204454
19,4,8.026120014,0.650523106
20,4,8.591101246,0.660500457
21,4,9.152306599,0.670762032
22,4,9.712206418,0.678300285
23,4,10.29053249,0.682877497
24,4,10.83825481,0.694968077
25,4,11.42314425,0.696850035
26,4,11.98632961,0.704703205
27,4,12.56128131,0.708625744
28,4,13.12113804,0.71582379
29,4,13.67670849,0.722166778
30,4,14.25477216,0.725015372
31,4,14.82434954,0.730090031
32,4,15.38953568,0.735905581
33,4,15.97629917,0.736247287
34,4,16.52564248,0.743425874
35,4,17.09755693,0.748773296
36,4,17.65652949,0.754014304
37,4,18.25181637,0.755853453
38,4,18.82052876,0.756401019
39,4,19.38415452,0.762682348
40,4,19.96988859,0.765595567
41,4,20.54305156,0.767268636
42,4,21.0885196,0.774324685
43,4,21.68910425,0.773104186
44,4,22.25313742,0.776017319
45,4,22.82504453,0.779042478
46,4,23.38267593,0.782275536
47,4,23.97307054,0.785861951
48,4,24.52820228,0.786892054
49,4,25.09858572,0.789007897
50,4,25.67627771,0.792900499
5,5,0,0
6,5,0.550979494,0.147090026
7,5,1.015456825,0.23977956
8,5,1.505033364,0.30488477
9,5,2.011549452,0.353838095
10,5,2.530942703,0.392994446
11,5,3.059708695,0.42405096
12,5,3.598175836,0.448921386
13,5,4.13905195,0.471050533
14,5,4.680247066,0.491930105
15,5,5.231592004,0.506736955
16,5,5.778437043,0.522800145
17,5,6.334744511,0.535784209
18,5,6.893254453,0.547135411
19,5,7.448616303,0.560865396
20,5,8.006400199,0.569875441
21,5,8.562371468,0.579603548
22,5,9.124454378,0.588558629
23,5,9.687591132,0.597375643
24,5,10.2465626,0.60490973
25,5,10.80818621,0.614517016
26,5,11.38716162,0.615920428
27,5,11.94938635,0.622596012
28,5,12.51542537,0.630162279
29,5,13.07928498,0.63598125
30,5,13.6321776,0.643475338
31,5,14.2024545,0.648614774
32,5,14.7898443,0.64997485
33,5,15.33714158,0.658623196
34,5,15.92091014,0.660199467
35,5,16.48389461,0.666696416
36,5,17.04214003,0.670442038
37,5,17.60727619,0.676691904
38,5,18.20693376,0.67562878
39,5,18.76318787,0.680024261
40,5,19.33432197,0.684758054
41,5,19.89111608,0.689290407
42,5,20.48045003,0.692172302
43,5,21.02172642,0.695053257
44,5,21.6056445,0.699424037
45,5,22.16868991,0.704276912
46,5,22.74906116,0.70366573
47,5,23.3243643,0.709726854
48,5,23.89649723,0.710159126
49,5,24.469941,0.71291529
50,5,25.03989871,0.716461307
6,6,0,0
7,6,0.5546292,0.121655875
8,6,1.023441521,0.200331472
9,6,1.515069044,0.257132081
10,6,2.023512613,0.300589365
11,6,2.539848943,0.335826135
12,6,3.072086762,0.363142872
13,6,3.603661533,0.38803045
14,6,4.139280316,0.410008179
15,6,4.689340347,0.425745166
16,6,5.233292959,0.443093681
17,6,5.787087649,0.456693376
18,6,6.330507662,0.470538616
19,6,6.889510752,0.482894195
20,6,7.45314968,0.490463522
21,6,7.997671295,0.505031556
22,6,8.564319017,0.51158485
23,6,9.126036169,0.519079035
24,6,9.680028443,0.528585692
25,6,10.23932252,0.535880458
26,6,10.79773046,0.543131921
27,6,11.36500901,0.55026096
28,6,11.92240645,0.557959079
29,6,12.48888751,0.564123393
30,6,13.05002901,0.569746242
31,6,13.61489213,0.575658005
32,6,14.20323364,0.578055001
33,6,14.76299107,0.582568675
34,6,15.32327023,0.588607628
35,6,15.88051013,0.594887907
36,6,16.46247316,0.595472207
37,6,17.01603605,0.601958274
38,6,17.59526155,0.606956202
39,6,18.1681355,0.608939317
40,6,18.71867938,0.613496346
41,6,19.2942902,0.61733553
42,6,19.87047376,0.621154279
43,6,20.40892799,0.627523056
44,6,21.01617525,0.628308886
45,6,21.58004309,0.629123563
46,6,22.13794969,0.635090341
47,6,22.71806348,0.635431398
48,6,23.2911648,0.638929578
49,6,23.8517426,0.640637405
50,6,24.4222488,0.646329262
7,7,0,0
8,7,0.557878374,0.103121595
9,7,1.028344096,0.172135896
10,7,1.521220473,0.22293377
11,7,2.030515206,0.261296362
12,7,2.551139477,0.292490471
13,7,3.073966837,0.319748121
14,7,3.604782899,0.343428824
15,7,4.142840267,0.362554931
16,7,4.690859777,0.377502372
17,7,5.235630892,0.393132943
18,7,5.792395857,0.404164651
19,7,6.332320286,0.418012655
20,7,6.895304856,0.427929293
21,7,7.448092233,0.439024457
22,7,7.995673164,0.449314134
23,7,8.554341805,0.459937834
24,7,9.11776179,0.467200683
25,7,9.687328739,0.47088148
26,7,10.2411701,0.479207504
27,7,10.79400036,0.489708011
28,7,11.36889567,0.491673276
29,7,11.93517104,0.498188804
30,7,12.48914642,0.505601355
31,7,13.05579252,0.509296222
32,7,13.60458574,0.517016933
33,7,14.17901461,0.52155788
34,7,14.74272,0.527119727
35,7,15.3094967,0.530406832
36,7,15.89270481,0.535144507
37,7,16.44978759,0.538594179
38,7,17.01876064,0.544018177
39,7,17.58704349,0.546701455
40,7,18.16057316,0.550833881
41,7,18.7122815,0.55681706
42,7,19.27834835,0.559507651
43,7,19.87360128,0.56037321
44,7,20.41979213,0.565402063
45,7,20.99204176,0.566229976
46,7,21.56906721,0.570746349
47,7,22.12799438,0.57464157
48,7,22.70788952,0.577103106
49,7,23.27516058,0.580652205
50,7,23.81945338,0.584994098
8,8,0,0
9,8,0.559756906,0.089792215
10,8,1.032887905,0.150888869
11,8,1.524892694,0.196802072
12,8,2.035768228,0.231005626
13,8,2.555742052,0.259611139
14,8,3.081469533,0.284043242
15,8,3.615981118,0.30395277
16,8,4.157991713,0.321152354
17,8,4.695691216,0.338829525
18,8,5.243500155,0.351829176
19,8,5.791758515,0.364057803
20,8,6.345737738,0.375462895
21,8,6.895604581,0.385016276
22,8,7.448095878,0.395427069
23,8,8.009883289,0.402093522
24,8,8.557682097,0.413189819
25,8,9.124379997,0.419247375
26,8,9.685769876,0.426756379
27,8,10.22515482,0.437097839
28,8,10.79657952,0.440798197
29,8,11.35396326,0.449758183
30,8,11.92627153,0.452614405
31,8,12.5002232,0.456898933
32,8,13.04244862,0.464399374
33,8,13.62040606,0.469587075
34,8,14.18199443,0.473534477
35,8,14.75033139,0.477882013
36,8,15.31476162,0.481357234
37,8,15.88740536,0.486859739
38,8,16.4683985,0.48809016
39,8,17.00683961,0.495223523
40,8,17.5745799,0.500718477
41,8,18.16101411,0.500863075
42,8,18.69866875,0.508753663
43,8,19.27939744,0.507294878
44,8,19.85904407,0.511848548
45,8,20.41620051,0.517177427
46,8,20.99259358,0.519394492
47,8,21.54501464,0.522041277
48,8,22.12436121,0.524037933
49,8,22.70014672,0.527493988
50,8,23.25906193,0.530750684
9,9,0,0
10,9,0.561018826,0.079506793
11,9,1.036416684,0.133989221
12,9,1.531061408,0.174890446
13,9,2.038633584,0.207566153
14,9,2.55873687,0.233896034
15,9,3.087472993,0.255302141
16,9,3.621071061,0.274844371
17,9,4.16120304,0.290274203
18,9,4.706388484,0.304335335
19,9,5.246899478,0.319600245
20,9,5.797132028,0.330487755
21,9,6.345556034,0.34097302
22,9,6.896880882,0.349696755
23,9,7.450873037,0.36061745
24,9,8.009131145,0.367853198
25,9,8.569255176,0.375188102
26,9,9.114692031,0.384223976
27,9,9.679854699,0.389961439
28,9,10.24613499,0.395645107
29,9,10.79975845,0.402018063
30,9,11.37569469,0.406491435
31,9,11.93394277,0.411949576
32,9,12.49147463,0.418266133
33,9,13.0505371,0.424214068
34,9,13.61639123,0.42798383
35,9,14.18908619,0.431203159
36,9,14.74577512,0.439575977
37,9,15.30049675,0.443854663
38,9,15.86450105,0.447834184
39,9,16.45454358,0.44921255
40,9,17.01814973,0.451508048
41,9,17.56686557,0.458300083
42,9,18.14877366,0.458814159
43,9,18.71522762,0.462643487
44,9,19.27575425,0.467429843
45,9,19.86927315,0.4678253
46,9,20.41708754,0.473300609
47,9,20.9837583,0.474648931
48,9,21.54978214,0.479425563
49,9,22.1184756,0.481712713
50,9,22.69921851,0.485521621
10,10,0,0
11,10,0.561888133,0.071407052
12,10,1.038955097,0.120694946
13,10,1.535290089,0.157920737
14,10,2.043117382,0.187856235
15,10,2.564185091,0.2120313
16,10,3.089943376,0.232725024
17,10,3.628260323,0.249038546
18,10,4.161887506,0.265426332
19,10,4.707996591,0.277810679
20,10,5.256859304,0.290311036
21,10,5.801848042,0.301674624
22,10,6.351904226,0.311268302
23,10,6.898358076,0.320867986
24,10,7.461780897,0.328465711
25,10,8.010672314,0.337319
26,10,8.561814407,0.34592953
27,10,9.134461942,0.350544232
28,10,9.689171667,0.357218122
29,10,10.2415945,0.363424224
30,10,10.80795167,0.369832296
31,10,11.37887985,0.373891123
32,10,11.93293546,0.380182085
33,10,12.48892537,0.386496723
34,10,13.05310501,0.391618404
35,10,13.60362654,0.397990566
36,10,14.19057078,0.396641642
37,10,14.74024381,0.404472489
38,10,15.30685209,0.408209419
39,10,15.88691231,0.409636451
40,10,16.46361923,0.412601313
41,10,17.03070152,0.415614224
42,10,17.57898357,0.420734811
43,10,18.15302704,0.424573264
44,10,18.72207611,0.427476993
45,10,19.28340752,0.432525798
46,10,19.86826227,0.433038338
47,10,20.42902488,0.435790593
48,10,20.98119944,0.440870221
49,10,21.55158245,0.443038274
50,10,22.14212179,0.445005846
11,11,0,0
12,11,0.564099525,0.064285985
13,11,1.04277593,0.109418858
14,11,1.539994476,0.14353577
15,11,2.047132716,0.171471535
16,11,2.571796218,0.193195594
17,11,3.094852999,0.212868398
18,11,3.632914748,0.228302803
19,11,4.168725715,0.243112017
20,11,4.711859082,0.255406374
21,11,5.263386563,0.266618268
22,11,5.815216976,0.275701034
23,11,6.358582233,0.286581653
24,11,6.910429066,0.295038302
25,11,7.46268233,0.304025076
26,11,8.013924566,0.310994669
27,11,8.569031216,0.31914894
28,11,9.136122821,0.323132187
29,11,9.69936136,0.329954622
30,11,10.2522079,0.337248525
31,11,10.81614538,0.341433186
32,11,11.36594736,0.347008327
33,11,11.93660068,0.351126802
34,11,12.49496872,0.3561375
35,11,13.05170393,0.362353034
36,11,13.62941686,0.365667688
37,11,14.19050398,0.369102456
38,11,14.75068754,0.372782462
39,11,15.31266823,0.376630228
40,11,15.8894084,0.380474676
41,11,16.44433055,0.385622424
42,11,17.0112505,0.38763959
43,11,17.59688402,0.389708984
44,11,18.16311416,0.392765509
45,11,18.71744117,0.396857091
46,11,19.28893241,0.400242274
47,11,19.84502788,0.402565336
48,11,20.4136538,0.405541313
49,11,20.98863283,0.407781562
50,11,21.55416941,0.410982681
12,12,0,0
13,12,0.565050416,0.058702429
14,12,1.045176504,0.100270895
15,12,1.542303438,0.131904525
16,12,2.053899458,0.156757656
17,12,2.572923231,0.178209128
18,12,3.10798723,0.194466693
19,12,3.634403977,0.211351381
20,12,4.16892943,0.22545246
21,12,4.715717382,0.236690202
22,12,5.262892607,0.247430857
23,12,5.815419497,0.256357567
24,12,6.367814305,0.263925084
25,12,6.9129356,0.274478713
26,12,7.471970868,0.280593916
27,12,8.02174056,0.288532533
28,12,8.576475407,0.294689254
29,12,9.134982882,0.300645278
30,12,9.685331491,0.308168105
31,12,10.25382698,0.312267716
32,12,10.80771666,0.318264762
33,12,11.38759517,0.321572939
34,12,11.94756355,0.327365612
35,12,12.51220632,0.330443812
36,12,13.06330008,0.335828733
37,12,13.63103117,0.338418788
38,12,14.20173151,0.343119285
39,12,14.74786501,0.348365044
40,12,15.31213614,0.353570683
41,12,15.8790262,0.355677282
42,12,16.45473372,0.358225353
43,12,17.00403888,0.362409824
44,12,17.58847802,0.36352862
45,12,18.1426455,0.366681276
46,12,18.73511662,0.369060405
47,12,19.29107027,0.372459023
48,12,19.84731795,0.377216693
49,12,20.4419153,0.37822424
50,12,21.01192447,0.379268907
13,13,0,0
14,13,0.56533508,0.054153737
15,13,1.04544055,0.092793559
16,13,1.541950746,0.122502734
17,13,2.056816842,0.145417669
18,13,2.577564039,0.16478853
19,13,3.103999697,0.181678607
20,13,3.640912802,0.195746767
21,13,4.177213382,0.208702575
22,13,4.721782908,0.220091038
23,13,5.262870694,0.231016563
24,13,5.814026358,0.2384577
25,13,6.361267901,0.248420021
26,13,6.913137591,0.255348076
27,13,7.472482348,0.262671814
28,13,8.020748277,0.269597788
29,13,8.592570182,0.274533591
30,13,9.131002491,0.283004802
31,13,9.697477018,0.286835549
32,13,10.2625071,0.29156668
33,13,10.81743994,0.297253222
34,13,11.37303687,0.301819565
35,13,11.93885282,0.305526039
36,13,12.50170943,0.310105149
37,13,13.06744039,0.31429985
38,13,13.63200865,0.317699249
39,13,14.19737464,0.323982087
40,13,14.75473097,0.326745889
41,13,15.33206527,0.327388025
42,13,15.89065339,0.331304395
43,13,16.45595751,0.334112484
44,13,17.02950848,0.336992644
45,13,17.58464921,0.340782282
46,13,18.16641213,0.342247408
47,13,18.72496877,0.347012937
48,13,19.29093121,0.349912404
49,13,19.88522323,0.350525365
50,13,20.42188372,0.355690282
14,14,0,0
15,14,0.566271087,0.05008569
16,14,1.046324898,0.086301321
17,14,1.547931215,0.113201203
18,14,2.056941339,0.135697568
19,14,2.581277339,0.15356614
20,14,3.109657914,0.168912979
21,14,3.641225994,0.182990511
22,14,4.183616457,0.194257192
23,14,4.728109171,0.204672672
24,14,5.273157373,0.214734778
25,14,5.815663407,0.22374494
26,14,6.363768499,0.23201164
27,14,6.919357776,0.239316826
28,14,7.480962964,0.244144015
29,14,8.030334592,0.252579649
30,14,8.590365588,0.256504327
31,14,9.142860379,0.264166126
32,14,9.700894648,0.268540776
33,14,10.25770518,0.2745989
34,14,10.81956546,0.277515614
35,14,11.38822335,0.282225943
36,14,11.94669983,0.286771235
37,14,12.50225105,0.292255185
38,14,13.07240712,0.294927494
39,14,13.63108075,0.29916913
40,14,14.19719083,0.30289876
41,14,14.76431892,0.30510517
42,14,15.33531487,0.30910767
43,14,15.88814873,0.312545655
44,14,16.46434998,0.314836436
45,14,17.03288379,0.318504053
46,14,17.58492596,0.320913195
47,14,18.15448118,0.323996345
48,14,18.74069259,0.325111739
49,14,19.29013513,0.329743529
50,14,19.85855835,0.33224285
15,15,0,0
16,15,0.567533314,0.046511415
17,15,1.049133354,0.080168471
18,15,1.550648372,0.105609597
19,15,2.058612307,0.127122519
20,15,2.580683082,0.144486238
21,15,3.11227537,0.158330919
22,15,3.645541595,0.171689099
23,15,4.182124842,0.183004305
24,15,4.725183023,0.192879855
25,15,5.271585257,0.202626713
26,15,5.821749611,0.209945093
27,15,6.372050606,0.217310411
28,15,6.923791977,0.224795081
29,15,7.475050999,0.231006793
30,15,8.029945406,0.237579695
31,15,8.587214862,0.242048972
32,15,9.159304705,0.246018623
33,15,9.702948397,0.253398654
34,15,10.25644744,0.257893031
35,15,10.82273596,0.262360034
36,15,11.38584323,0.266068596
37,15,11.94222272,0.271719514
38,15,12.51116253,0.275209794
39,15,13.07792926,0.277877234
40,15,13.6568135,0.279596962
41,15,14.19770685,0.285529158
42,15,14.76600779,0.287434332
43,15,15.34563917,0.29063168
44,15,15.89525891,0.295048658
45,15,16.46471832,0.297891351
46,15,17.02777149,0.300664385
47,15,17.59461739,0.303068174
48,15,18.16645801,0.304636131
49,15,18.73179592,0.308405364
50,15,19.29946883,0.30955184
16,16,0,0
17,16,0.568106368,0.043459417
18,16,1.051652106,0.074690488
19,16,1.549464966,0.099308248
20,16,2.061548407,0.119238433
21,16,2.584620728,0.135507263
22,16,3.113392456,0.149091584
23,16,3.65324274,0.160566301
24,16,4.185286938,0.17259434
25,16,4.730476097,0.181432074
26,16,5.284013294,0.189058936
27,16,5.817270109,0.198727039
28,16,6.377447714,0.204827924
29,16,6.925171346,0.212267375
30,16,7.474654053,0.218829165
31,16,8.039928799,0.222898012
32,16,8.59733222,0.22889614
33,16,9.152564464,0.234682763
34,16,9.702852894,0.239451143
35,16,10.26575963,0.244477079
36,16,10.82564817,0.24906345
37,16,11.38670748,0.252649549
38,16,11.95458895,0.255830347
39,16,12.51188529,0.259345048
40,16,13.05939117,0.263839288
41,16,13.63552366,0.267565915
42,16,14.20630232,0.270324365
43,16,14.77469152,0.272494032
44,16,15.34314316,0.275544749
45,16,15.90111552,0.278659997
46,16,16.44718269,0.281855221
47,16,17.01342879,0.28647822
48,16,17.59595336,0.285930931
49,16,18.1690526,0.289582085
50,16,18.72242773,0.292902981
17,17,0,0
18,17,0.567505501,0.041067799
19,17,1.052865279,0.070349738
20,17,1.552430938,0.093404479
21,17,2.063462178,0.112355151
22,17,2.589091337,0.127188256
23,17,3.117222753,0.140683333
24,17,3.654392025,0.151875412
25,17,4.196195205,0.161550084
26,17,4.729155482,0.171705468
27,17,5.279315839,0.179509974
28,17,5.824767106,0.187455791
29,17,6.38016455,0.193743943
30,17,6.930172846,0.200638125
31,17,7.483534376,0.205862055
32,17,8.035926095,0.212109624
33,17,8.592016184,0.218032602
34,17,9.145764022,0.223298122
35,17,9.711823115,0.226483492
36,17,10.25893326,0.232674978
37,17,10.82279582,0.235750779
38,17,11.39160085,0.238202477
39,17,11.95550186,0.242291996
40,17,12.52343233,0.24561449
41,17,13.07485587,0.250505501
42,17,13.63461165,0.253349964
43,17,14.20016187,0.255795153
44,17,14.77417905,0.258101474
45,17,15.34172838,0.261094866
46,17,15.88949337,0.265820132
47,17,16.45829894,0.267879119
48,17,17.02118923,0.271201576
49,17,17.58730075,0.27301381
50,17,18.16224774,0.274735597
18,18,0,0
19,18,0.568142758,0.038673565
20,18,1.052643955,0.066707079
21,18,1.555546038,0.088050043
22,18,2.067085563,0.106037238
23,18,2.59282824,0.120190506
24,18,3.119632753,0.132828019
25,18,3.646174603,0.145297814
26,18,4.190363685,0.153987462
27,18,4.737065313,0.162523448
28,18,5.281873714,0.170690185
29,18,5.824654607,0.178034307
30,18,6.377041533,0.184459098
31,18,6.930433314,0.190658613
32,18,7.486615667,0.196269612
33,18,8.040913112,0.201224923
34,18,8.594622736,0.205730467
35,18,9.148435189,0.211664314
36,18,9.713914814,0.215224379
37,18,10.26235647,0.219942204
38,18,10.8339204,0.223473999
39,18,11.38480067,0.227997339
40,18,11.95029305,0.230900778
41,18,12.51797251,0.234021247
42,18,13.08405169,0.23654858
43,18,13.63827719,0.240662359
44,18,14.20822985,0.243320306
45,18,14.77140623,0.247021643
46,18,15.32638986,0.249932388
47,18,15.90360551,0.251858715
48,18,16.45559124,0.255865358
49,18,17.03127256,0.25671151
50,18,17.58918633,0.26052985
19,19,0,0
20,19,0.568396989,0.036605092
21,19,1.053635025,0.063111729
22,19,1.55370992,0.083901182
23,19,2.071408738,0.099981079
24,19,2.596485162,0.113615295
25,19,3.123407023,0.125861129
26,19,3.652246996,0.137438281
27,19,4.195710329,0.146130449
28,19,4.741392581,0.153754008
29,19,5.279394243,0.162954692
30,19,5.832353925,0.168416574
31,19,6.381978135,0.175381911
32,19,6.940539803,0.179616594
33,19,7.488474964,0.185682478
34,19,8.048357323,0.191043007
35,19,8.596996459,0.196669334
36,19,9.156867491,0.20066004
37,19,9.717003316,0.20471221
38,19,10.2766704,0.208920699
39,19,10.83958573,0.212500679
40,19,11.39824459,0.215914051
41,19,11.95694973,0.219237791
42,19,12.51350588,0.224083533
43,19,13.07441875,0.226686702
44,19,13.64972502,0.229505685
45,19,14.22023293,0.231290463
46,19,14.78416329,0.233811011
47,19,15.34883792,0.236390836
48,19,15.91393936,0.240240497
49,19,16.47634846,0.241910472
50,19,17.02530193,0.246568713
20,20,0,0
21,20,0.569037828,0.034672573
22,20,1.055578403,0.059725802
23,20,1.554183157,0.07980613
24,20,2.067041025,0.09599026
25,20,2.595185845,0.108660226
26,20,3.12587997,0.11973418
27,20,3.658979376,0.130075463
28,20,4.200483942,0.138841604
29,20,4.742968978,0.146946474
30,20,5.286434169,0.154274361
31,20,5.831172738,0.161169782
32,20,6.383605717,0.166898288
33,20,6.941249432,0.172033484
34,20,7.492470599,0.177864849
35,20,8.047074536,0.183250892
36,20,8.598241164,0.188051567
37,20,9.159005091,0.191882131
38,20,9.721974523,0.19561505
39,20,10.27663893,0.199366512
40,20,10.84094357,0.202807583
41,20,11.41033904,0.205942995
42,20,11.96206115,0.209583573
43,20,12.5173031,0.213480658
44,20,13.0897423,0.215609751
45,20,13.64357059,0.218075961
46,20,14.21059845,0.221228209
47,20,14.78843447,0.223373013
48,20,15.32894627,0.226970861
49,20,15.91414669,0.22881245
50,20,16.47135717,0.231493734
21,21,0,0
22,21,0.569171599,0.033044383
23,21,1.056126684,0.056931561
24,21,1.556799712,0.075843975
25,21,2.071075404,0.091099159
26,21,2.59690968,0.103581358
27,21,3.126325597,0.114797219
28,21,3.660313529,0.124387201
29,21,4.195768795,0.133345119
30,21,4.737378576,0.141136174
31,21,5.295647594,0.146299608
32,21,5.84115877,0.153424307
33,21,6.382709732,0.160209349
34,21,6.942748146,0.164428512
35,21,7.493977611,0.17014053
36,21,8.05621841,0.1740609
37,21,8.608482663,0.178598216
38,21,9.160973363,0.183097986
39,21,9.717288188,0.187299053
40,21,10.28098567,0.190600026
41,21,10.84289011,0.193981433
42,21,11.39309882,0.19861499
43,21,11.9813572,0.199464846
44,21,12.52589869,0.203565093
45,21,13.08856938,0.20602574
46,21,13.66736005,0.208253088
47,21,14.22196715,0.211417692
48,21,14.75974372,0.217213311
49,21,15.34354695,0.217366247
50,21,15.91449059,0.219615834
22,22,0,0
23,22,0.569648396,0.031450992
24,22,1.057070769,0.05433331
25,22,1.558306069,0.0722871
26,22,2.072635833,0.087023033
27,22,2.596499606,0.099100457
28,22,3.123375838,0.110133251
29,22,3.659586534,0.119327439
30,22,4.196671609,0.127439387
31,22,4.747183829,0.134166162
32,22,5.292318944,0.141159591
33,22,5.832745165,0.147808751
34,22,6.392926234,0.152507353
35,22,6.940703664,0.158339349
36,22,7.497576742,0.162397419
37,22,8.057002859,0.166306373
38,22,8.600052613,0.172246603
39,22,9.16247767,0.175555925
40,22,9.723001622,0.179955498
41,22,10.27681096,0.183142296
42,22,10.84189924,0.186591978
43,22,11.39032067,0.190376438
44,22,11.97089446,0.192299188
45,22,12.5291512,0.195333642
46,22,13.08798844,0.1984625
47,22,13.63469918,0.202046118
48,22,14.21913889,0.203670878
49,22,14.78260022,0.206556521
50,22,15.35439579,0.207703508
23,23,0,0
24,23,0.569436664,0.030132718
25,23,1.055416207,0.052195798
26,23,1.559634299,0.069115105
27,23,2.07570675,0.082990918
28,23,2.599751467,0.094793993
29,23,3.13248639,0.104503075
30,23,3.665859952,0.113745221
31,23,4.198431405,0.122022656
32,23,4.750084219,0.128353195
33,23,5.295968833,0.134957954
34,23,5.849613918,0.139984571
35,23,6.386107569,0.146894976
36,23,6.936299749,0.152854957
37,23,7.488986755,0.15724568
38,23,8.046606161,0.160806323
39,23,8.604033366,0.165341674
40,23,9.170457068,0.167830131
41,23,9.732242053,0.171624343
42,23,10.29519692,0.175011408
43,23,10.84275746,0.178874566
44,23,11.40476357,0.181635444
45,23,11.96592906,0.184600143
46,23,12.54178338,0.186727917
47,23,13.09353197,0.190313022
48,23,13.65565978,0.19280616
49,23,14.22448473,0.195248857
50,23,14.77290402,0.198054401
24,24,0,0
25,24,0.570025174,0.028791206
26,24,1.057114078,0.049849307
27,24,1.560315988,0.066291029
28,24,2.075728762,0.079636359
29,24,2.600585147,0.090892792
30,24,3.133795773,0.100167844
31,24,3.665166356,0.109400205
32,24,4.208457045,0.116532143
33,24,4.753422076,0.123223538
34,24,5.299859895,0.129293915
35,24,5.848328049,0.135095935
36,24,6.39164704,0.141105998
37,24,6.944966296,0.145730545
38,24,7.500958822,0.149981198
39,24,8.052847911,0.154908681
40,24,8.618266458,0.157987087
41,24,9.168549692,0.161903821
42,24,9.72296189,0.166435921
43,24,10.28631807,0.168957184
44,24,10.83858891,0.172156775
45,24,11.40571225,0.175109083
46,24,11.99082657,0.177132419
47,24,12.52997365,0.181007686
48,24,13.09418633,0.183457903
49,24,13.65960596,0.185507193
50,24,14.21275887,0.188647701
25,25,0,0
26,25,0.570224865,0.027617681
27,25,1.057723877,0.047844638
28,25,1.562365302,0.063460901
29,25,2.077378568,0.076287644
30,25,2.601110562,0.087498491
31,25,3.133551775,0.096607808
32,25,3.665763015,0.105361336
33,25,4.206966116,0.11196944
34,25,4.752355551,0.118747701
35,25,5.294693213,0.124727907
36,25,5.844345084,0.130127187
37,25,6.399573886,0.135532406
38,25,6.947700643,0.139720591
39,25,7.503228761,0.144556599
40,25,8.064262898,0.148033594
41,25,8.611621772,0.152961666
42,25,9.166146665,0.156781338
43,25,9.739817253,0.15819373
44,25,10.28810923,0.161567741
45,25,10.84557753,0.165483763
46,25,11.41643713,0.167919961
47,25,11.96297782,0.171824336
48,25,12.5251703,0.174831393
49,25,13.09601294,0.176605157
50,25,13.66465774,0.179129131
26,26,0,0
27,26,0.570983567,0.02643759
28,26,1.058956808,0.045892509
29,26,1.561525834,0.061189602
30,26,2.078938024,0.073404145
31,26,2.600339401,0.084146535
32,26,3.13033596,0.093437909
33,26,3.663749213,0.101796731
34,26,4.208057952,0.108191315
35,26,4.749692959,0.114549246
36,26,5.296735444,0.120593887
37,26,5.840907339,0.126338022
38,26,6.401244565,0.130522115
39,26,6.943218301,0.134880131
40,26,7.50244186,0.139029639
41,26,8.061178201,0.142442213
42,26,8.621198698,0.146096501
43,26,9.161345763,0.151090405
44,26,9.73259288,0.153755148
45,26,10.28575135,0.156470171
46,26,10.84706208,0.159869677
47,26,11.41491321,0.162569363
48,26,11.96599519,0.166062371
49,26,12.54049955,0.167459197
50,26,13.09629095,0.170122054
27,27,0,0
28,27,0.570327157,0.025559173
29,27,1.059383153,0.044219539
30,27,1.565192784,0.058568503
31,27,2.078688223,0.070863393
32,27,2.605317271,0.080778611
33,27,3.131464832,0.090037075
34,27,3.670105299,0.097232973
35,27,4.214484552,0.103699731
36,27,4.74987904,0.110719532
37,27,5.292453662,0.116643052
38,27,5.844705608,0.121345211
39,27,6.396814013,0.126060566
40,27,6.952092973,0.129799398
41,27,7.500708774,0.134371486
42,27,8.056447977,0.138700291
43,27,8.617232858,0.141102078
44,27,9.169723287,0.144984014
45,27,9.73911611,0.147848046
46,27,10.2851892,0.151874828
47,27,10.85354279,0.153787667
48,27,11.41357836,0.15708425
49,27,11.96918318,0.159886018
50,27,12.53545662,0.16167503
28,28,0,0
29,28,0.57052876,0.024629839
30,28,1.059820505,0.042595483
31,28,1.562157126,0.056961568
32,28,2.078935521,0.068436622
33,28,2.604801011,0.078041663
34,28,3.134595044,0.086624944
35,28,3.673672381,0.093958429
36,28,4.210647251,0.100683951
37,28,4.758346217,0.106542772
38,28,5.29894583,0.111933514
39,28,5.848662005,0.117264624
40,28,6.399105655,0.121962825
41,28,6.94710466,0.126311436
42,28,7.507915161,0.129765583
43,28,8.06361805,0.133459689
44,28,8.61060545,0.137573261
45,28,9.175827378,0.139939015
46,28,9.721745133,0.14411433
47,28,10.29032024,0.146854363
48,28,10.85847548,0.148026289
49,28,11.42262304,0.151140539
50,28,11.96083614,0.1547562
29,29,0,0
30,29,0.570463415,0.023795825
31,29,1.062119962,0.04088374
32,29,1.565245729,0.054734501
33,29,2.079847429,0.065932739
34,29,2.604533546,0.0756703
35,29,3.133738369,0.083887913
36,29,3.672614778,0.090861723
37,29,4.213150069,0.097249736
38,29,4.755508745,0.102950427
39,29,5.297557818,0.108619889
40,29,5.849928712,0.112981806
41,29,6.395209477,0.118149838
42,29,6.956002214,0.12203792
43,29,7.509572277,0.125029791
44,29,8.052785739,0.129568054
45,29,8.620959044,0.132414422
46,29,9.18456956,0.135278192
47,29,9.724219543,0.139503073
48,29,10.28306218,0.142067314
49,29,10.85431573,0.144960496
50,29,11.41435319,0.146504024
30,30,0,0
31,30,0.571240797,0.022919586
32,30,1.061566803,0.039603168
33,30,1.563744126,0.053127189
34,30,2.080691102,0.063779162
35,30,2.60395941,0.072952866
36,30,3.136358198,0.080959163
37,30,3.672851005,0.087911421
38,30,4.211349271,0.094545188
39,30,4.756655095,0.099925763
40,30,5.307061605,0.104784086
41,30,5.849736119,0.109875051
42,30,6.399924837,0.113880192
43,30,6.954900726,0.117847824
44,30,7.514140848,0.121661148
45,30,8.059653564,0.125007868
46,30,8.616033108,0.128397839
47,30,9.173955054,0.131697254
48,30,9.731133918,0.134336708
49,30,10.30139144,0.137220122
50,30,10.85397587,0.139497038
31,31,0,0
32,31,0.571849408,0.02208781
33,31,1.061614395,0.038371903
34,31,1.56556054,0.051233433
35,31,2.082956253,0.061609795
36,31,2.603303752,0.071077038
37,31,3.136915912,0.078370649
38,31,3.676724889,0.084862917
39,31,4.216494519,0.090879333
40,31,4.76093773,0.096537649
41,31,5.307829272,0.101351128
42,31,5.853377502,0.106115388
43,31,6.405181614,0.110288731
44,31,6.942668055,0.11513012
45,31,7.506123905,0.118119248
46,31,8.063446512,0.121191246
47,31,8.618267332,0.124570601
48,31,9.178915558,0.127562365
49,31,9.733586535,0.130515892
50,31,10.29748002,0.132832655
32,32,0,0
33,32,0.571406135,0.021474348
34,32,1.062219913,0.037140216
35,32,1.566023188,0.049717704
36,32,2.07932593,0.060217423
37,32,2.607431484,0.068608534
38,32,3.13876989,0.075908264
39,32,3.67296685,0.082741508
40,32,4.217053137,0.088343469
41,32,4.755632121,0.093869464
42,32,5.302393812,0.098565407
43,32,5.861833536,0.10217879
44,32,6.408636224,0.106680613
45,32,6.95473363,0.11095937
46,32,7.511939605,0.114397941
47,32,8.059104934,0.117959823
48,32,8.61854538,0.12078344
49,32,9.188638095,0.123281865
50,32,9.743984359,0.126040258
33,33,0,0
34,33,0.572179342,0.02071829
35,33,1.062383554,0.035965172
36,33,1.56785704,0.04802528
37,33,2.082971704,0.058027085
38,33,2.605652468,0.066562721
39,33,3.144383442,0.0732591
40,33,3.674907122,0.080504657
41,33,4.218264328,0.085665145
42,33,4.756932638,0.091243173
43,33,5.310039133,0.095048343
44,33,5.846301562,0.100785474
45,33,6.407822827,0.104163934
46,33,6.968787062,0.106875792
47,33,7.508178858,0.111058427
48,33,8.062408587,0.114005582
49,33,8.622618956,0.117190567
50,33,9.175981207,0.12020958
34,34,0,0
35,34,0.571491489,0.020189115
36,34,1.060983862,0.035112296
37,34,1.566972288,0.046707908
38,34,2.084081266,0.056334992
39,34,2.609045491,0.06447914
40,34,3.143656577,0.071308241
41,34,3.674139214,0.07808352
42,34,4.216200877,0.08352202
43,34,4.765642254,0.088100113
44,34,5.304755462,0.093305926
45,34,5.855209996,0.097207114
46,34,6.409796801,0.100615747
47,34,6.958389684,0.104759438
48,34,7.509594685,0.108476246
49,34,8.066044112,0.111218055
50,34,8.628701465,0.113613089
35,35,0,0
36,35,0.572120815,0.01955207
37,35,1.062315736,0.033980267
38,35,1.567368416,0.045391775
39,35,2.084953009,0.054805567
40,35,2.605555026,0.063128028
41,35,3.140292066,0.069624971
42,35,3.677510059,0.075784554
43,35,4.220976869,0.080995301
44,35,4.760605271,0.085979162
45,35,5.301555185,0.091100561
46,35,5.857756002,0.094483943
47,35,6.40840183,0.098071332
48,35,6.959330596,0.101851322
49,35,7.517382961,0.10485
50,35,8.065147745,0.10834129
36,36,0,0
37,36,0.571994189,0.019047046
38,36,1.063146796,0.03300729
39,36,1.566823309,0.044290102
40,36,2.08535926,0.053240164
41,36,2.611388437,0.060984797
42,36,3.143520604,0.067484314
43,36,3.677094265,0.073551668
44,36,4.21417689,0.079001534
45,36,4.76097434,0.083878286
46,36,5.308566007,0.087848137
47,36,5.853721515,0.092217127
48,36,6.413238266,0.095143139
49,36,6.968749316,0.098640037
50,36,7.516803912,0.10228185
37,37,0,0
38,37,0.572318898,0.018479872
39,37,1.063180662,0.032124078
40,37,1.567617904,0.043045971
41,37,2.087958281,0.051646424
42,37,2.613589678,0.059176169
43,37,3.142501932,0.066081847
44,37,3.677917578,0.07164537
45,37,4.218708591,0.076910363
46,37,4.760914256,0.081700144
47,37,5.307649075,0.085928679
48,37,5.86444468,0.089123053
49,37,6.418133078,0.092450309
50,37,6.966956997,0.095956771
38,38,0,0
39,38,0.572491567,0.017971701
40,38,1.062170596,0.031314187
41,38,1.569711595,0.041736637
42,38,2.087110506,0.050359128
43,38,2.614665288,0.057524598
44,38,3.141063916,0.064374017
45,38,3.686091826,0.069218427
46,38,4.224523472,0.074569717
47,38,4.768511569,0.07893054
48,38,5.31368528,0.083324818
49,38,5.858666627,0.087455075
50,38,6.406069835,0.091118159
39,39,0,0
40,39,0.572722299,0.01749717
41,39,1.062672973,0.030545904
42,39,1.568089904,0.040806284
43,39,2.08833452,0.049003687
44,39,2.610652148,0.056421708
45,39,3.143033541,0.062510862
46,39,3.675967492,0.068241332
47,39,4.221125414,0.072910608
48,39,4.772334437,0.076631425
49,39,5.315620217,0.080848052
50,39,5.85845527,0.085047276
40,40,0,0
41,40,0.572568465,0.017089148
42,40,1.064360905,0.029647281
43,40,1.568223214,0.039874274
44,40,2.090677473,0.047538148
45,40,2.612160574,0.054948578
46,40,3.145277924,0.060996394
47,40,3.682598138,0.066319562
48,40,4.226167526,0.070934489
49,40,4.768117929,0.075294665
50,40,5.308951336,0.079474608
41,41,0,0
42,41,0.57200326,0.01670959
43,41,1.063820378,0.028985092
44,41,1.567096637,0.038986193
45,41,2.088619713,0.046707974
46,41,2.611568489,0.05374184
47,41,3.141353464,0.05983757
48,41,3.685931974,0.064506495
49,41,4.225133223,0.069435996
50,41,4.766839754,0.07368681
42,42,0,0
43,42,0.57231927,0.016302277
44,42,1.063347617,0.028385137
45,42,1.569205841,0.037860717
46,42,2.088710493,0.045525117
47,42,2.616984488,0.0520389
48,42,3.146573062,0.058019215
49,42,3.680781376,0.063261103
50,42,4.223602464,0.067707357
43,43,0,0
44,43,0.573155471,0.015838457
45,43,1.062766396,0.027760778
46,43,1.570400658,0.036941705
47,43,2.08784574,0.044563906
48,43,2.610195155,0.05139492
49,43,3.146500786,0.056700446
50,43,3.681090455,0.06188511
44,44,0,0
45,44,0.572146361,0.01557683
46,44,1.066326173,0.026824141
47,44,1.568859725,0.036229091
48,44,2.092104895,0.043422298
49,44,2.613528043,0.050069292
50,44,3.141775016,0.055896865
45,45,0,0
46,45,0.572041881,0.015229912
47,45,1.065001802,0.026394712
48,45,1.571351312,0.035278321
49,45,2.090037923,0.042520015
50,45,2.61463125,0.048823186
46,46,0,0
47,46,0.572357963,0.014882605
48,46,1.065341536,0.025784612
49,46,1.573191933,0.034383693
50,46,2.089669747,0.041678101
47,47,0,0
48,47,0.572794477,0.014526057
49,47,1.065218761,0.025263858
50,47,1.573100157,0.033644764
48,48,0,0
49,48,0.573268698,0.014181109
50,48,1.065125549,0.024722613
49,49,0,0
50,49,0.5730202,0.013906507
50,50,0,0
